order_id,user_id,product_id,order_date
1,Towney,8,2024-02-29
2,Johnathon,9,2023-06-06
3,Demetra,6,2023-08-17
4,Cristy,3,2023-09-13
5,Merrick,9,2023-07-01
6,Shena,8,2024-05-17
7,Lucho,6,2023-08-29
8,Sela,1,2023-10-17
9,Raynor,9,2023-09-14
10,Derek,2,2023-08-22
11,Karalynn,4,2024-02-14
12,Gifford,4,2023-09-19
13,Lisetta,2,2024-04-04
14,Haskell,9,2023-05-28
15,Cherilyn,6,2023-09-20
16,Kean,10,2024-03-27
17,Symon,5,2024-01-24
18,Frankie,4,2023-09-11
19,Kimmi,8,2024-02-11
20,Anallise,9,2023-09-03
21,Dina,10,2023-12-04
22,Jeremiah,5,2024-04-08
23,Marieann,3,2024-05-12
24,Bobbi,10,2023-08-17
25,Renado,10,2023-07-23
26,Kristen,5,2024-05-09
27,Othelia,1,2024-01-05
28,Carleton,4,2023-05-28
29,Layne,10,2023-07-21
30,Hyman,2,2023-11-03
31,Alix,9,2024-02-20
32,Tani,4,2023-05-31
33,Moselle,10,2024-04-03
34,Geri,6,2023-07-27
35,Nicolina,7,2024-03-26
36,Giustina,2,2024-02-19
37,Cecilia,5,2023-06-15
38,Irvin,3,2024-04-28
39,Margette,6,2023-09-27
40,Lyndel,1,2023-05-28
41,Blythe,4,2023-08-11
42,Etheline,9,2023-10-01
43,Freemon,4,2024-05-19
44,Robinetta,6,2023-12-15
45,Dido,3,2024-02-08
46,Oriana,6,2023-08-03
47,Courtnay,1,2023-10-26
48,Rodolfo,7,2023-11-26
49,Cristian,8,2023-06-01
50,Brina,5,2024-01-09
51,Mina,1,2023-06-10
52,Margret,1,2024-01-13
53,Lyon,2,2023-08-23
54,Talia,5,2023-06-15
55,Josy,7,2023-11-14
56,Fredelia,6,2023-06-19
57,Claude,4,2023-06-24
58,Laure,10,2024-01-02
59,Edee,10,2023-06-30
60,Demetrius,6,2023-07-19
61,Winny,7,2024-03-06
62,Meg,6,2024-05-21
63,Vittoria,7,2024-01-05
64,Cosme,5,2024-01-19
65,Jorrie,4,2023-06-12
66,Clio,10,2024-03-15
67,Earvin,3,2024-01-09
68,Dylan,4,2023-08-27
69,Vanna,5,2023-11-18
70,Vincent,8,2023-06-16
71,Crissie,6,2024-03-09
72,Gaven,6,2024-01-27
73,Danila,7,2024-02-23
74,Laurent,3,2024-02-24
75,Walden,7,2023-08-12
76,Gale,7,2024-01-08
77,Bentlee,5,2024-05-07
78,Shirleen,8,2023-08-13
79,Ermanno,5,2023-06-29
80,Linea,6,2023-06-06
81,Tracey,9,2023-12-28
82,Dougy,4,2024-04-22
83,Chic,10,2023-08-30
84,Eadie,9,2024-01-10
85,Cirstoforo,3,2023-06-24
86,Samuele,6,2023-06-10
87,Izaak,4,2023-11-02
88,Vivyanne,6,2023-07-19
89,Hersch,3,2023-10-21
90,Andonis,9,2023-12-30
91,Farrah,4,2023-12-30
92,Frank,2,2024-05-01
93,Fletcher,10,2023-07-01
94,Florence,4,2024-04-02
95,Garald,5,2023-09-27
96,Donica,10,2023-05-25
97,Cherice,5,2024-03-22
98,Allistir,7,2023-10-03
99,Jennette,3,2023-11-17
100,Elsworth,1,2023-10-08
101,Carrissa,5,2024-03-14
102,Brad,1,2023-10-28
103,Elroy,1,2024-05-21
104,Charlot,7,2024-04-11
105,Earl,5,2023-09-22
106,Allayne,4,2023-10-13
107,Currey,3,2023-09-07
108,Andree,6,2024-03-07
109,Giulia,4,2023-07-30
110,Adda,5,2023-06-04
111,Leonid,5,2023-11-02
112,Myrtie,3,2023-07-17
113,Lorin,5,2024-03-19
114,Joshia,4,2023-06-30
115,Graehme,8,2024-01-16
116,Carla,8,2024-03-02
117,Caron,10,2023-08-16
118,Agretha,7,2024-05-06
119,Wylie,2,2023-11-30
120,Randene,8,2023-10-31
121,Gwendolin,5,2024-04-09
122,Cheri,4,2023-06-30
123,Luise,7,2024-03-27
124,Karlis,6,2023-08-13
125,Waite,3,2024-01-15
126,Chicky,6,2023-10-19
127,Dinnie,4,2023-08-26
128,Barnett,9,2024-01-21
129,Tymon,7,2023-08-04
130,Carolyn,10,2023-08-26
131,Marleen,7,2024-04-17
132,Winonah,3,2023-07-15
133,Myrtice,7,2024-02-01
134,Gerianna,3,2023-06-08
135,Marcile,4,2024-03-02
136,Evvie,3,2024-03-19
137,Markus,7,2023-11-09
138,Adaline,6,2023-07-16
139,Kelly,6,2023-11-21
140,Danny,5,2023-10-11
141,Waylon,9,2023-08-03
142,Elisabetta,7,2023-12-12
143,Iolanthe,7,2023-08-23
144,Roze,4,2024-05-09
145,Sacha,2,2024-02-04
146,Charlena,8,2023-09-06
147,Thaxter,7,2023-10-23
148,Northrop,4,2023-10-19
149,Junette,5,2024-03-11
150,Marietta,8,2024-03-09
151,Kirby,3,2023-11-24
152,Judd,1,2023-12-31
153,Evelyn,1,2023-08-09
154,Carr,4,2023-11-17
155,Merla,1,2023-06-30
156,Lynnett,6,2023-07-04
157,Dayna,4,2023-11-14
158,Ardine,1,2024-03-27
159,Lanna,1,2023-07-08
160,Ellissa,9,2024-01-09
161,Wilona,10,2024-03-20
162,Maison,1,2024-03-24
163,Louie,4,2023-09-19
164,Donielle,4,2023-05-31
165,Ernie,4,2023-10-09
166,Corette,6,2023-10-30
167,Man,8,2023-06-06
168,Del,8,2024-02-07
169,Veronica,9,2023-12-19
170,Kalil,9,2023-08-29
171,Ardeen,1,2023-11-11
172,Ulrich,8,2023-10-07
173,Jaimie,10,2024-01-23
174,Mahalia,5,2023-06-08
175,Adella,1,2024-05-18
176,Hector,7,2023-12-09
177,Puff,9,2023-11-13
178,Ambur,8,2023-06-21
179,Ben,2,2024-02-19
180,Tybalt,6,2024-02-22
181,Minerva,8,2024-02-20
182,Christalle,10,2023-12-09
183,Gilbertine,8,2024-04-20
184,Veronike,8,2023-09-16
185,Waverly,5,2023-06-27
186,Elaine,2,2024-05-02
187,Chev,7,2023-10-14
188,Verge,10,2023-08-23
189,Isabelita,10,2023-06-19
190,Foss,7,2023-12-18
191,Chickie,10,2024-02-06
192,Rutger,9,2024-02-23
193,Mirna,7,2023-11-10
194,Charita,3,2023-06-08
195,Cindy,9,2023-06-09
196,Clarabelle,7,2024-03-10
197,Roth,6,2023-07-27
198,Bogart,1,2023-10-10
199,Valentine,7,2023-07-01
200,Wenona,3,2024-05-12
201,Ciro,3,2024-05-06
202,Viki,7,2023-11-21
203,Jethro,8,2024-02-04
204,Andra,7,2023-08-06
205,Paula,7,2023-07-27
206,Vin,8,2023-07-01
207,Ram,10,2023-08-16
208,Chelsey,1,2024-03-26
209,Jon,6,2023-07-21
210,Twyla,10,2023-07-17
211,Annadiana,6,2023-09-29
212,Maryjo,9,2024-03-29
213,Diane-marie,6,2023-10-08
214,Eveleen,4,2023-06-19
215,Duncan,6,2023-11-24
216,Alfie,3,2024-01-26
217,Clara,10,2024-02-09
218,Fred,9,2024-02-14
219,Myer,5,2023-08-10
220,Lorant,1,2024-01-23
221,Elna,4,2024-02-27
222,Terence,9,2024-01-27
223,Lu,2,2024-04-11
224,Carma,4,2023-06-15
225,Pauly,7,2023-05-27
226,Erny,7,2024-04-20
227,Hurlee,1,2023-10-22
228,Lyndsay,10,2023-09-03
229,Joyan,9,2023-08-14
230,Arel,4,2023-09-15
231,Briana,5,2023-12-18
232,Swen,6,2024-01-11
233,Kristopher,4,2023-07-13
234,Robbi,1,2024-03-05
235,Ambrosio,9,2024-03-30
236,Wes,6,2023-09-13
237,Karen,1,2023-07-15
238,Davine,10,2023-10-12
239,Angie,10,2023-11-16
240,Lanita,10,2023-09-29
241,Chrystel,2,2024-02-06
242,Rayna,10,2024-03-21
243,Franciska,6,2024-03-11
244,Ervin,3,2023-09-06
245,Kara,10,2023-11-24
246,Edlin,7,2024-01-15
247,Lilith,8,2023-08-12
248,Betta,2,2024-04-18
249,Keen,2,2023-09-20
250,Arv,8,2024-03-20
251,Demetra,6,2023-07-28
252,Essa,6,2024-05-03
253,Aubine,7,2023-07-06
254,Corbet,5,2023-06-23
255,Beryle,10,2023-11-29
256,Neddy,6,2023-10-23
257,Buckie,10,2024-04-25
258,Porty,1,2023-12-10
259,Lannie,6,2023-07-22
260,Elfie,3,2023-08-11
261,Peadar,8,2023-06-29
262,Jacob,9,2023-06-29
263,Beatrix,10,2024-05-14
264,Livia,7,2023-11-05
265,Michel,3,2023-12-14
266,Jasmina,3,2023-12-18
267,Lucienne,4,2023-09-20
268,Deena,9,2024-03-16
269,Robinetta,2,2023-12-24
270,Hedvige,2,2023-08-29
271,Rufe,5,2024-03-12
272,Karie,5,2024-02-19
273,Regan,4,2023-06-26
274,Francklyn,8,2023-06-25
275,Carlie,7,2023-08-07
276,Grant,1,2024-03-29
277,Valentin,8,2023-11-15
278,Nadiya,6,2024-02-12
279,Keeley,6,2023-08-19
280,Elmer,4,2024-02-23
281,Markos,8,2023-11-13
282,Janice,4,2024-01-21
283,Michal,9,2024-05-14
284,Tadeas,3,2024-05-22
285,Alexander,5,2023-09-07
286,Letti,5,2024-05-10
287,Nat,4,2024-01-22
288,Gianni,9,2023-07-05
289,Oralee,6,2023-11-03
290,Mei,2,2023-10-12
291,Mannie,3,2023-12-23
292,Omero,5,2023-10-11
293,Ev,3,2023-12-01
294,Morrie,9,2023-07-19
295,Cordelie,4,2024-03-22
296,Rab,5,2023-07-02
297,Tove,2,2024-05-07
298,Asher,4,2023-08-20
299,Felike,10,2024-04-30
300,Francklyn,7,2023-12-09
301,Krishna,4,2024-05-20
302,Fairlie,1,2024-04-09
303,Mike,5,2023-12-21
304,Godiva,7,2023-07-13
305,Winn,10,2023-10-03
306,Cordula,10,2024-04-28
307,Obediah,9,2024-05-21
308,Claudina,9,2023-06-01
309,Goldi,8,2024-03-31
310,Haskell,7,2024-04-05
311,Olav,10,2023-10-10
312,Eward,3,2024-03-20
313,Gilli,2,2024-05-07
314,Spence,2,2023-08-05
315,Marge,10,2023-07-27
316,Lev,4,2024-02-26
317,Barbee,4,2023-07-29
318,Eileen,2,2024-04-01
319,Darbee,1,2024-03-11
320,Clive,9,2023-08-22
321,Ben,3,2024-01-22
322,Lainey,6,2024-03-11
323,Jaquith,8,2023-07-25
324,Darren,4,2023-06-06
325,Stevana,4,2023-09-12
326,Salvatore,7,2024-05-09
327,Leroi,6,2023-08-04
328,Chlo,3,2023-10-24
329,Wallie,4,2024-01-17
330,Melina,2,2024-05-13
331,Adore,8,2024-01-01
332,Tanhya,9,2024-02-17
333,Matty,10,2023-09-20
334,Gene,4,2023-08-21
335,Jessie,5,2024-03-11
336,Alison,4,2023-07-16
337,Neall,4,2023-11-22
338,Lise,6,2023-06-15
339,Delilah,7,2023-07-05
340,Noby,8,2023-06-29
341,Diane-marie,2,2024-01-05
342,Garold,9,2024-02-26
343,Raquel,7,2024-02-25
344,Tan,3,2023-06-22
345,Thorin,9,2024-02-27
346,Hephzibah,10,2023-10-04
347,Sherry,1,2024-03-18
348,Cece,9,2024-01-01
349,Willy,6,2023-08-15
350,Anselm,3,2024-01-31
351,Drusi,2,2023-07-04
352,Eben,8,2023-12-26
353,Perri,5,2023-10-01
354,Jory,5,2023-08-08
355,Danila,5,2023-08-09
356,Chrystel,10,2023-11-06
357,Kyla,9,2024-05-16
358,Rakel,6,2023-10-12
359,Yale,9,2024-03-08
360,Mathias,3,2024-02-24
361,Marsh,2,2023-10-17
362,Kinna,1,2024-04-16
363,Beltran,3,2024-02-24
364,Angele,7,2023-09-14
365,Devy,8,2024-04-27
366,Dru,10,2023-09-16
367,Bradly,10,2023-09-15
368,Gabie,5,2023-07-02
369,Kris,5,2024-02-05
370,Chancey,8,2023-09-03
371,Emili,5,2024-03-16
372,Dorry,8,2024-03-20
373,Reagan,10,2023-07-23
374,Obed,1,2024-04-04
375,Ruby,10,2023-10-30
376,Cassie,2,2023-08-28
377,Peria,9,2023-07-27
378,Gabriel,9,2023-09-08
379,Cinda,2,2024-03-26
380,Angelico,3,2023-05-26
381,Cati,5,2024-01-26
382,Massimo,5,2024-05-21
383,Verine,3,2023-08-28
384,Hurlee,4,2024-03-26
385,Gavra,5,2023-08-16
386,Mendie,4,2024-01-02
387,Wenona,10,2024-04-09
388,Evvy,6,2023-11-10
389,Nappy,6,2023-06-04
390,Ardyce,2,2023-06-09
391,Karl,1,2023-08-22
392,Cliff,7,2024-04-16
393,Simone,7,2023-09-11
394,Weylin,5,2024-02-20
395,Reginald,8,2024-04-11
396,Rudy,2,2024-04-24
397,Hogan,4,2023-07-24
398,Arman,3,2024-01-13
399,Skell,5,2023-10-17
400,Blondie,9,2023-06-29
401,Shauna,4,2024-02-16
402,Austina,1,2024-04-29
403,Davy,7,2023-10-27
404,Bertrand,3,2023-12-26
405,Odilia,4,2024-05-18
406,Bucky,9,2023-05-28
407,Nevin,8,2024-03-23
408,Dino,10,2023-05-26
409,Hedda,6,2024-05-15
410,Abey,2,2023-07-17
411,Lyn,5,2023-08-28
412,Hinze,8,2023-06-12
413,Adara,2,2023-10-14
414,Cordelia,7,2024-05-21
415,Jo-anne,6,2023-07-22
416,Melvin,7,2023-12-10
417,Payton,5,2024-03-03
418,Penelopa,1,2024-01-24
419,Briny,8,2023-07-26
420,Consuelo,9,2023-09-25
421,Robinetta,7,2024-01-02
422,Willette,9,2023-09-16
423,Dorisa,4,2024-01-12
424,Berkeley,8,2023-11-07
425,Armando,10,2023-10-28
426,Glynda,7,2024-04-12
427,Wilmar,2,2023-08-07
428,Aaron,7,2023-05-25
429,Ivette,4,2023-07-27
430,Allan,9,2023-08-09
431,Brad,4,2023-05-28
432,Nerissa,2,2023-06-07
433,Matthaeus,8,2023-08-13
434,Nikki,6,2023-09-23
435,Ariella,1,2023-09-27
436,Scot,7,2023-08-16
437,Caz,4,2023-08-01
438,Tamas,6,2023-10-31
439,Parnell,10,2023-06-20
440,Harwell,3,2023-06-03
441,Myrtice,6,2023-07-21
442,Ondrea,3,2024-04-17
443,Nealy,5,2024-05-12
444,Jarrod,9,2023-07-19
445,Nicoline,3,2023-12-02
446,Jamey,8,2023-08-18
447,Flint,5,2023-11-22
448,Jehanna,5,2024-04-15
449,Idette,8,2023-07-30
450,Dimitri,10,2023-07-29
451,Janella,4,2024-02-21
452,Marlowe,3,2023-10-02
453,Derril,10,2023-08-16
454,Marmaduke,4,2024-03-17
455,Vic,5,2023-06-01
456,Shellie,3,2024-01-03
457,Herbert,8,2024-04-24
458,Gauthier,10,2023-07-24
459,Sanderson,7,2023-09-30
460,Rodrigo,10,2023-09-21
461,Herb,7,2024-05-08
462,Purcell,3,2024-02-13
463,Mordy,3,2024-05-04
464,Kizzie,4,2023-06-17
465,Torey,6,2023-07-24
466,Fraser,8,2024-04-06
467,Jammal,9,2023-12-02
468,Jermayne,1,2023-09-08
469,Darryl,1,2023-08-11
470,Cleavland,7,2024-04-18
471,Toddy,4,2023-10-10
472,Drusi,5,2023-07-13
473,Lexy,6,2024-05-19
474,Reed,9,2023-08-28
475,Mauricio,2,2023-06-06
476,Charmine,9,2024-01-07
477,Giorgio,7,2023-10-06
478,Pace,3,2024-02-14
479,Krishnah,5,2023-10-09
480,Nanete,7,2023-11-01
481,Alayne,6,2024-03-28
482,Agata,10,2024-04-28
483,Dollie,3,2023-12-27
484,Wilfred,5,2024-01-08
485,Lorettalorna,5,2023-08-11
486,Jefferey,5,2024-03-30
487,Norri,3,2024-03-08
488,Tore,3,2023-11-28
489,Elsbeth,10,2024-01-25
490,Damita,1,2023-09-09
491,Selle,10,2023-06-10
492,Gerri,7,2023-09-13
493,Melisandra,6,2024-04-08
494,Benjie,6,2023-06-28
495,Bridie,10,2023-12-25
496,Erin,8,2023-09-20
497,Janeczka,10,2023-05-30
498,Dorotea,9,2023-09-26
499,Viola,2,2023-11-28
500,Daveta,7,2024-02-22
501,Anna-maria,4,2024-03-08
502,Burlie,8,2023-07-24
503,Carlie,4,2023-10-19
504,Darby,10,2023-10-07
505,Nikki,7,2023-06-16
506,Lianna,1,2024-02-01
507,Bernice,3,2023-07-31
508,Teriann,6,2023-09-11
509,Miller,8,2024-01-20
510,Adara,8,2023-12-22
511,Lydia,2,2024-02-27
512,Maiga,4,2024-04-02
513,Amitie,2,2024-04-09
514,Haily,8,2023-06-12
515,Dennison,7,2023-10-23
516,Archibaldo,2,2023-07-02
517,Janean,2,2024-01-18
518,Ford,4,2024-01-03
519,Lorine,6,2023-11-19
520,Tim,3,2023-09-19
521,Aleda,1,2023-06-09
522,Stanislaus,3,2023-07-20
523,Gilles,5,2024-02-10
524,Samantha,9,2023-06-01
525,Auberon,7,2023-12-22
526,Janos,3,2023-11-05
527,Cordy,4,2024-01-08
528,Elinor,2,2024-03-20
529,James,7,2024-03-20
530,Ivett,7,2023-06-20
531,Gardner,8,2024-04-21
532,Curcio,8,2023-11-24
533,Panchito,3,2023-08-05
534,Humfried,10,2024-02-16
535,Eleanora,5,2024-02-12
536,Stanislas,4,2023-07-25
537,Adam,8,2023-11-04
538,Nicole,8,2023-09-28
539,Davide,3,2024-03-07
540,Rayna,4,2023-10-13
541,Galen,2,2024-02-05
542,Conn,5,2023-10-13
543,Letitia,10,2024-01-31
544,Emlynne,9,2024-03-02
545,Bard,8,2024-04-20
546,Diego,9,2023-11-28
547,Ryann,10,2024-05-16
548,Birk,2,2024-01-22
549,Noellyn,7,2024-01-05
550,Gabriel,6,2023-07-14
551,Virgina,2,2023-09-01
552,Cleon,1,2023-12-14
553,Park,4,2023-08-29
554,Madelin,5,2023-10-02
555,Rachelle,1,2024-01-24
556,Catlaina,1,2024-04-25
557,Averyl,1,2023-11-07
558,Tadeas,7,2024-05-05
559,Anderea,2,2023-06-14
560,Cesya,2,2024-02-20
561,Devy,4,2023-12-09
562,Eveline,3,2023-07-05
563,Beckie,2,2024-03-08
564,Rouvin,7,2023-09-08
565,Nero,2,2023-10-24
566,Neron,2,2024-02-20
567,Maxi,8,2023-11-10
568,Ira,2,2023-12-09
569,Bevin,3,2023-09-24
570,Cherice,1,2024-01-28
571,Christal,6,2024-01-08
572,Ranna,2,2023-11-24
573,Heindrick,4,2024-03-30
574,Charmion,1,2023-06-27
575,Kingsly,4,2024-01-08
576,Malvin,8,2024-04-17
577,Jeremie,4,2023-06-12
578,Woody,4,2024-01-25
579,Paddie,9,2023-06-26
580,Olympie,3,2023-12-13
581,Damaris,10,2024-02-17
582,Delinda,5,2023-11-30
583,Yvon,6,2024-05-06
584,Winfield,3,2023-07-16
585,Staffard,3,2023-07-24
586,Kylila,1,2023-07-10
587,Giffy,10,2023-09-14
588,Janaya,10,2023-07-03
589,Levy,2,2023-06-09
590,Carl,1,2024-04-29
591,Fifine,1,2023-12-12
592,L;urette,7,2023-10-09
593,Nancey,1,2023-06-30
594,Rosella,9,2023-10-22
595,Harland,7,2024-01-29
596,Sal,10,2023-11-25
597,Harbert,5,2023-09-27
598,Neddy,6,2023-05-31
599,Ferdinand,4,2023-11-23
600,Matty,7,2023-06-04
601,Briant,1,2023-10-04
602,Garey,1,2024-04-23
603,Nicolai,5,2023-12-04
604,Jaclin,7,2024-04-22
605,Latrena,1,2024-03-13
606,Joelie,10,2023-08-15
607,Mirella,9,2023-07-10
608,Alf,9,2024-02-27
609,Raina,3,2024-04-15
610,Lyman,2,2023-07-30
611,Ariel,4,2024-04-10
612,Verna,6,2024-01-31
613,Sarina,5,2023-12-07
614,Shannan,6,2024-01-23
615,Raphael,10,2024-05-23
616,Emiline,10,2024-05-09
617,Gabriella,2,2024-05-02
618,Nicolai,10,2023-10-16
619,Hubey,6,2023-09-30
620,Jen,3,2023-07-30
621,Russ,3,2023-11-23
622,Nata,6,2023-07-16
623,Kathy,5,2023-10-20
624,Jackquelin,10,2024-03-27
625,Vassily,4,2024-03-25
626,Agathe,10,2023-08-22
627,Jon,10,2024-01-18
628,Saunders,1,2023-08-30
629,Crosby,4,2023-05-25
630,Joelynn,8,2023-07-21
631,Lorri,3,2023-11-21
632,Eldon,10,2023-12-02
633,Randi,3,2023-07-25
634,Corie,3,2024-05-13
635,Cristian,8,2023-09-10
636,Thorsten,8,2023-08-26
637,Bess,4,2023-09-17
638,Inez,9,2024-01-18
639,Noemi,5,2023-06-08
640,Nicolea,2,2024-01-09
641,Ashli,4,2023-10-29
642,Ellerey,7,2023-06-10
643,Sarah,6,2023-10-04
644,Beale,7,2024-02-25
645,Nanette,7,2023-11-30
646,Jason,4,2023-06-07
647,Zsa zsa,5,2023-09-12
648,Thorin,4,2024-01-24
649,Celie,8,2023-09-22
650,Kincaid,10,2023-10-30
651,Claude,7,2023-09-29
652,Rivkah,7,2024-05-19
653,Shurwood,10,2023-08-06
654,Kareem,2,2023-09-25
655,Anita,6,2024-02-07
656,Natalina,10,2023-11-15
657,Kippy,7,2023-11-10
658,Patrica,7,2024-04-23
659,Kingsly,3,2023-09-03
660,Parry,8,2024-02-11
661,Anna,3,2023-09-03
662,Mabel,3,2024-03-23
663,Timmy,3,2024-02-01
664,Nicholle,10,2024-05-14
665,Elbert,1,2023-08-02
666,Gilbertina,2,2024-02-19
667,Dannie,6,2023-10-18
668,Clare,4,2023-07-21
669,Jacinda,7,2023-12-26
670,Hakeem,6,2023-08-21
671,Chandal,1,2023-08-25
672,Ravi,9,2023-11-17
673,Patrica,3,2023-10-01
674,Sacha,9,2023-10-30
675,Asher,9,2023-11-22
676,Witty,6,2023-11-12
677,Nara,5,2023-12-22
678,Saunderson,2,2023-11-12
679,Christie,4,2024-04-04
680,Vale,3,2024-02-16
681,Edward,6,2023-08-08
682,Catherina,9,2024-02-25
683,Marisa,5,2023-10-26
684,Gerick,8,2023-11-14
685,Kaitlin,5,2024-03-13
686,Weber,2,2023-08-03
687,Judd,4,2023-08-16
688,Kala,9,2023-11-29
689,Lynnea,3,2023-05-29
690,Holly,6,2023-12-13
691,Lotti,3,2023-07-14
692,Yale,1,2023-08-09
693,Daryl,5,2024-01-19
694,Hildegarde,7,2023-07-16
695,Dyanna,1,2023-10-21
696,Bowie,10,2023-07-08
697,Raymund,7,2024-03-20
698,Libbie,9,2023-10-25
699,Tami,5,2023-11-02
700,Eamon,7,2023-10-04
701,Paddie,3,2023-12-21
702,Leigha,4,2023-08-26
703,Sander,4,2024-03-30
704,Debra,9,2024-03-24
705,Westleigh,10,2024-01-14
706,Arlee,4,2024-05-04
707,Trudie,5,2024-04-03
708,Clementine,8,2024-04-11
709,Dex,10,2023-09-21
710,Gabbie,9,2024-02-28
711,Avrom,2,2024-02-08
712,Gareth,5,2023-12-22
713,Daloris,3,2024-01-02
714,Marieann,4,2024-03-31
715,Carrissa,2,2023-08-14
716,Lisbeth,6,2024-01-18
717,Martica,2,2024-04-28
718,Hughie,7,2024-01-28
719,Shepard,8,2023-07-29
720,Allene,8,2023-12-12
721,Marielle,7,2023-09-21
722,Karim,1,2024-01-21
723,Alexandre,5,2024-02-05
724,Sol,10,2023-09-26
725,Nata,7,2024-04-16
726,Carita,6,2023-05-31
727,Rodi,5,2024-05-01
728,Waldon,1,2023-08-08
729,Floria,5,2023-07-17
730,Celeste,1,2024-03-18
731,Johnathon,6,2024-04-08
732,Cece,10,2023-10-07
733,Winthrop,7,2023-11-02
734,Lorry,1,2024-05-10
735,Linell,3,2023-05-28
736,Rosina,6,2023-10-16
737,Gusti,1,2023-08-06
738,Ody,8,2023-06-23
739,Tanney,7,2024-05-13
740,Tye,8,2024-02-12
741,Timothee,2,2024-01-08
742,Shayla,1,2024-02-26
743,Marlena,6,2024-04-03
744,Todd,2,2023-08-17
745,Keriann,9,2024-03-25
746,Itch,6,2023-08-11
747,Isadora,6,2024-05-03
748,Betteann,2,2023-08-14
749,Francene,10,2023-10-12
750,Lizbeth,7,2024-03-12
751,Lizzie,8,2024-04-05
752,Xylia,8,2024-05-02
753,Kriste,7,2023-09-12
754,Maddie,9,2024-02-07
755,Jamima,5,2024-01-07
756,Rufe,10,2023-12-04
757,Falito,5,2024-03-08
758,Hadleigh,9,2023-11-06
759,Herb,7,2024-01-28
760,Dorian,4,2024-05-14
761,Saree,1,2023-11-09
762,Norris,1,2023-09-29
763,Gale,6,2023-09-30
764,Hedi,1,2023-12-26
765,Valentijn,10,2023-11-10
766,Cletus,9,2024-04-06
767,Nikaniki,10,2024-05-02
768,Coretta,4,2023-06-26
769,Andie,10,2023-10-09
770,Julietta,8,2024-02-09
771,Cristian,9,2023-06-06
772,Flory,2,2023-08-30
773,Vonni,8,2023-11-09
774,Yolanda,4,2023-11-30
775,Nerte,7,2024-03-11
776,Bridie,3,2024-02-07
777,Fallon,3,2023-09-25
778,Kriste,9,2024-02-26
779,Ruby,9,2024-04-15
780,Tucky,5,2023-06-02
781,Vasili,2,2024-04-05
782,Jenna,6,2024-01-11
783,Ofilia,4,2024-02-17
784,Agata,7,2024-01-14
785,Kennith,5,2024-04-12
786,Othello,7,2023-09-06
787,Curtis,2,2024-03-01
788,Lillian,2,2023-09-16
789,Micah,3,2023-12-23
790,Norri,8,2023-12-03
791,Lenard,10,2023-09-21
792,Hayyim,9,2023-11-22
793,Mohandas,1,2023-12-25
794,Harley,3,2024-02-16
795,Weylin,2,2023-06-22
796,Elonore,2,2024-01-20
797,Fanya,6,2024-03-08
798,Anni,1,2023-09-22
799,Korey,9,2023-08-16
800,Hy,7,2023-07-09
801,Ruddie,8,2024-04-28
802,Laina,2,2024-05-03
803,Roch,6,2024-02-16
804,Faustine,1,2023-07-17
805,Sella,1,2023-10-13
806,Carney,4,2024-01-26
807,Ede,2,2023-07-22
808,Debbie,5,2024-02-24
809,Consalve,6,2024-02-21
810,Amandie,3,2023-06-05
811,Durante,7,2024-01-06
812,Hubert,1,2023-07-21
813,Augustin,7,2023-12-12
814,Georgianne,9,2023-05-31
815,Myles,2,2023-09-10
816,Ilario,1,2024-02-06
817,Melamie,3,2023-08-08
818,Celinka,6,2024-04-20
819,Kippy,5,2023-07-21
820,Hilda,9,2023-07-17
821,Alfy,5,2023-08-30
822,Karyl,7,2024-01-24
823,Valdemar,10,2023-10-10
824,Teodoor,3,2024-05-10
825,Chrystel,2,2023-10-29
826,Sephira,2,2023-07-28
827,Catlee,5,2024-01-17
828,Dare,7,2024-05-19
829,Nicoli,8,2023-11-14
830,Emilia,7,2024-05-22
831,Drusy,9,2023-09-17
832,Shaina,9,2023-09-05
833,Gris,5,2023-10-16
834,Albertine,10,2023-12-24
835,Celestyn,9,2024-03-25
836,Annis,8,2024-01-31
837,Cris,5,2024-03-25
838,Kevin,9,2023-12-23
839,Melessa,7,2023-12-01
840,Matty,2,2023-09-24
841,Odey,3,2023-08-25
842,Twyla,4,2023-08-06
843,Eldridge,5,2023-11-12
844,Darcy,9,2024-01-16
845,Kriste,9,2024-03-26
846,Barbie,10,2023-06-16
847,Konstantine,9,2023-11-03
848,Hortense,4,2023-12-30
849,Tera,4,2023-09-20
850,Clementina,2,2024-02-07
851,Sibylla,1,2024-03-15
852,Lyon,9,2023-06-04
853,Emerson,3,2024-01-28
854,Bea,3,2024-03-20
855,Marjory,6,2023-11-01
856,Rebecca,3,2024-05-15
857,Seana,8,2023-05-25
858,Cherianne,10,2023-06-23
859,Bess,5,2023-07-30
860,Clint,2,2024-01-30
861,Carlynne,2,2023-11-09
862,Olympia,2,2024-05-19
863,Paulita,10,2024-04-10
864,Ava,1,2023-06-18
865,Lothaire,5,2023-09-07
866,Martha,2,2023-11-22
867,Quint,8,2023-10-23
868,Brunhilde,8,2023-10-18
869,Erv,2,2023-08-30
870,Vidovik,4,2023-05-26
871,Sylvester,10,2024-01-16
872,Leon,3,2024-05-03
873,Sabine,2,2023-10-07
874,Dru,2,2023-09-12
875,Randall,9,2024-03-25
876,Ezmeralda,8,2023-06-01
877,Ava,10,2023-11-23
878,Innis,4,2024-03-20
879,Rhianon,5,2024-02-22
880,Brannon,2,2023-08-17
881,Rochette,6,2023-08-15
882,Sascha,8,2023-07-28
883,Ashton,2,2023-11-25
884,Willdon,7,2024-04-19
885,Sibyl,1,2024-02-12
886,Rhodia,10,2024-02-28
887,Bartlett,5,2024-02-21
888,Cchaddie,10,2024-02-09
889,Ignaz,9,2023-12-19
890,Marlin,3,2023-08-15
891,Darleen,2,2024-01-15
892,Ronald,6,2024-03-04
893,Angelika,1,2024-04-27
894,Weider,3,2024-04-14
895,Barnett,3,2024-03-14
896,Augustin,8,2023-11-12
897,Nobe,4,2023-08-01
898,Angeli,5,2023-08-27
899,Esme,2,2023-07-29
900,Hedvige,4,2023-10-13
901,Annetta,9,2023-10-28
902,Forrester,2,2024-05-05
903,Kaja,10,2023-12-24
904,Andras,8,2023-10-11
905,Constantino,4,2023-06-09
906,Lora,1,2023-07-11
907,Adelaide,8,2024-03-25
908,Tommie,4,2024-03-05
909,Quinta,10,2024-03-03
910,Ethelda,10,2023-06-19
911,Arch,7,2023-11-08
912,Marvin,6,2023-12-28
913,Dacia,2,2023-11-10
914,Logan,10,2024-05-11
915,Chan,2,2023-07-05
916,Winnah,6,2024-02-20
917,Nowell,3,2024-01-06
918,Connie,10,2023-09-02
919,Eveleen,5,2023-11-07
920,Bentlee,1,2024-01-27
921,Alexine,1,2023-07-28
922,Carr,7,2024-01-05
923,Constanta,1,2023-07-26
924,Eachelle,6,2023-09-07
925,Stella,5,2023-06-16
926,Dara,1,2024-03-13
927,Shena,1,2024-02-07
928,Tiffie,1,2024-01-24
929,Shurwood,8,2024-02-09
930,Godiva,5,2024-01-28
931,Emelina,2,2023-12-12
932,Alys,1,2024-03-17
933,Archibold,4,2023-10-30
934,Ainsley,8,2024-05-16
935,Libby,5,2024-02-13
936,Leicester,9,2024-01-06
937,Brewer,9,2023-12-25
938,Aube,3,2024-05-01
939,Pauly,3,2023-11-16
940,Suzanne,1,2024-01-21
941,Obie,6,2024-05-05
942,Swen,3,2024-04-30
943,Merrily,10,2023-12-18
944,Tonye,4,2023-08-02
945,Mic,4,2024-02-04
946,Kelbee,6,2024-01-09
947,Belvia,8,2024-05-17
948,Elton,8,2024-04-13
949,Erroll,4,2024-02-22
950,Wainwright,9,2023-09-25
951,Lilli,3,2024-03-10
952,Elias,6,2023-08-20
953,Kory,10,2024-02-03
954,Kerrie,4,2023-11-17
955,Holli,6,2023-09-27
956,Don,9,2024-03-12
957,Elenore,8,2023-10-26
958,Margery,5,2023-07-13
959,Cassandra,7,2023-08-30
960,Verile,6,2023-08-02
961,Farra,3,2023-05-31
962,Ardisj,6,2024-01-10
963,Alvina,7,2023-11-17
964,Peter,2,2024-03-11
965,Eddy,5,2023-08-30
966,Gabriela,4,2024-05-05
967,Beaufort,4,2023-10-09
968,Querida,3,2024-03-24
969,Any,8,2023-12-16
970,Krishna,3,2023-09-10
971,Aileen,2,2023-06-23
972,Rustie,9,2023-12-08
973,Ambrose,9,2024-01-12
974,Tommie,6,2024-02-08
975,Yale,9,2023-09-09
976,Urbanus,6,2024-02-05
977,Timothy,5,2023-05-30
978,Nikita,10,2024-05-19
979,Harvey,10,2023-06-27
980,Kacey,4,2023-07-25
981,Levon,4,2023-10-25
982,Eliot,2,2023-06-15
983,Debi,7,2024-03-12
984,Doe,8,2024-04-16
985,Hi,5,2023-09-06
986,Blanche,4,2023-12-26
987,Jerrie,9,2024-03-18
988,Theo,1,2023-11-22
989,Silas,2,2024-05-07
990,Silvio,5,2023-12-07
991,Emlen,8,2023-12-12
992,Dodi,1,2024-01-23
993,Celesta,2,2023-09-29
994,Normand,8,2023-05-25
995,Tawnya,7,2023-09-25
996,Sanderson,8,2024-04-23
997,Brande,7,2023-12-10
998,Hillard,10,2023-12-12
999,Cherlyn,8,2023-08-10
1000,Dion,2,2024-03-28
